Bait,Output,Bait reconstructed,Length of bait,Length of longest common continuous sequence (LCCS),Number of amino acids not in LCCS
VCASIAQK,VCASIAQK,True,8,8,0
GGSGATIIMVVQR,GGSGQTIIMVVQR,False,13,8,5
SQDIPITPPK,SQDIPITPPK,True,10,10,0
IVHNIVEEDR,IVHNIVEEDR,True,10,10,0
GQVSESEDSITK,GQVSESEDSITK,True,12,12,0
NEDIIQSIQR,NEDIIQSIQR,True,10,10,0
WEVTIPSTVSPHEVQCTYVEGSR,WEVTIPSTVSPHEVQCTYVEGSR,True,23,23,0
TYTYMICGNFGIYIDIDIIAAAAEK,YMICGNFGIYIDIDIIAAAAEK,False,25,22,0
PDSGDTIEGIPIPPGIK,SIIPIPIPGIK,False,17,4,7
MVAGMIGIR,MVAGMIGIR,True,9,9,0
