1308,,,,,,
71.03,A,,,,,
156.1,R,,,,,
114.04,N,GG,,,,
115.02,D,,,,,
103.0,C,,,,,
129.04,E,,,,,
128.05,Q,AG,,,,
57.02,G,,,,,
137.05,H,,,,,
113.08,I,L,,,,
128.09,K,,,,,
131.04,M,,,,,
147.06,F,,,,,
97.05,P,,,,,
87.03,S,,,,,
101.04,T,,,,,
186.07,W,,,,,
163.06,Y,,,,,
99.06,V,,,,,
150.95,U,,,,,
142.07,AA,,,,,
227.13,AR,,,,,
185.08,AN,GQ,AGG,,,
186.06,AD,EG,,,,
174.04,AC,,,,,
200.07,AE,,,,,
199.09,AQ,AAG,,,,
208.09,AH,,,,,
184.12,AI,AL,,,,
199.13,AK,,,,,
202.07,AM,CV,,,,
218.1,AF,,,,,
168.08,AP,,,,,
158.06,AS,GT,,,,
172.08,AT,,,,,
257.11,AW,,,,,
234.1,AY,FS,,,,
170.1,AV,GI,GL,,,
221.99,AU,,,,,
312.2,RR,,,,,
270.14,NR,GGR,,,,
271.12,DR,,,,,
259.11,CR,AST,GTT,,,
285.14,ER,VW,,,,
284.15,QR,AGR,,,,
213.12,GR,,,,,
293.16,HR,,,,,
269.18,IR,LR,,,,
284.19,KR,,,,,
287.14,MR,ISS,LSS,STV,,
303.16,FR,,,,,
253.15,PR,,,,,
243.13,RS,,,,,
257.14,RT,,,,,
342.18,RW,,,,,
319.16,RY,,,,,
255.16,RV,,,,,
307.05,RU,,,,,
228.08,NN,GGN,,,,
229.06,DN,DGG,,,,
217.05,CN,CGG,,,,
243.08,EN,DQ,ADG,EGG,,
242.1,NQ,AGN,GGQ,,,
171.06,GN,GGG,,,,
251.1,HN,GGH,,,,
227.12,IN,LN,QV,AGV,GGI,GGL
242.13,KN,GGK,,,,
245.08,MN,AAC,GGM,,,
261.11,FN,FGG,,,,
211.09,NP,GGP,,,,
201.07,NS,GGS,,,,
215.09,NT,QS,AGS,GGT,,
300.12,NW,HY,GGW,,,
277.1,NY,GGY,,,,
213.11,NV,AAA,GGV,,,
264.99,NU,GGU,,,,
230.05,DD,,,,,
218.03,CD,,,,,
244.06,DE,,,,,
172.04,DG,,,,,
252.08,DH,,,,,
228.11,DI,DL,EV,,,
243.12,DK,AAT,GSV,,,
246.06,DM,,,,,
262.09,DF,,,,,
212.07,DP,,,,,
202.05,DS,,,,,
216.07,DT,ES,,,,
301.1,DW,CPT,,,,
278.09,DY,,,,,
214.09,DV,,,,,
265.98,DU,,,,,
206.01,CC,,,,,
232.05,CE,,,,,
231.06,CQ,ACG,,,,
160.03,CG,,,,,
240.06,CH,,,,,
216.09,CI,CL,,,,
231.1,CK,,,,,
234.04,CM,,,,,
250.07,CF,,,,,
200.06,CP,,,,,
190.04,CS,,,,,
204.05,CT,,,,,
289.08,CW,,,,,
266.07,CY,,,,,
253.96,CU,,,,,
258.08,EE,,,,,
257.1,EQ,AAD,AEG,,,
266.1,EH,,,,,
242.12,EI,EL,,,,
257.13,EK,ASV,GIS,GLS,GTV,
260.08,EM,,,,,
276.11,EF,,,,,
226.09,EP,,,,,
230.09,ET,,,,,
315.12,EW,MPS,,,,
292.1,EY,,,,,
279.99,EU,,,,,
256.11,QQ,AAN,AGQ,,,
265.11,HQ,AGH,,,,
241.14,IQ,LQ,AAV,AGI,AGL,
256.15,KQ,AGK,,,,
259.09,MQ,AGM,CGV,,,
275.12,FQ,AFG,,,,
225.11,PQ,AGP,,,,
229.1,QT,AAS,AGT,,,
314.13,QW,AGW,,,,
291.12,QY,AGY,FGS,,,
279.01,QU,AGU,,,,
194.08,GH,,,,,
185.11,GK,,,,,
188.06,GM,,,,,
204.08,FG,,,,,
154.07,GP,,,,,
144.05,GS,,,,,
243.1,GW,,,,,
220.08,GY,,,,,
156.08,GV,,,,,
207.97,GU,,,,,
274.11,HH,,,,,
250.14,HI,HL,,,,
265.15,HK,,,,,
268.09,HM,,,,,
284.12,FH,,,,,
234.11,HP,,,,,
224.09,HS,,,,,
238.1,HT,,,,,
323.13,HW,,,,,
236.12,HV,,,,,
288.01,HU,,,,,
226.16,II,IL,LL,,,
241.17,IK,KL,,,,
244.12,IM,LM,FP,,,
260.15,FI,FL,,,,
210.13,IP,LP,,,,
200.11,IS,LS,TV,,,
214.13,IT,LT,,,,
299.16,IW,LW,,,,
276.14,IY,LY,,,,
212.15,IV,LV,,,,
264.03,IU,LU,,,,
256.18,KK,,,,,
259.13,KM,,,,,
275.16,FK,,,,,
225.14,KP,,,,,
215.12,KS,,,,,
229.14,KT,,,,,
314.17,KW,ARS,GRT,,,
291.15,KY,PPP,,,,
227.16,KV,,,,,
279.04,KU,,,,,
262.08,MM,,,,,
278.1,FM,,,,,
228.09,MP,,,,,
218.07,MS,,,,,
232.08,MT,,,,,
317.11,MW,,,,,
294.1,MY,,,,,
230.1,MV,,,,,
281.99,MU,,,,,
294.13,FF,,,,,
248.11,FT,,,,,
333.14,FW,,,,,
310.13,FY,,,,,
246.13,FV,,,,,
298.02,FU,,,,,
194.1,PP,,,,,
184.08,PS,,,,,
198.1,PT,,,,,
283.13,PW,,,,,
260.11,PY,,,,,
196.12,PV,,,,,
248.0,PU,,,,,
174.06,SS,,,,,
188.07,ST,,,,,
273.11,SW,AAM,ACV,CGI,CGL,
250.09,SY,,,,,
186.1,SV,,,,,
237.98,SU,,,,,
202.09,TT,,,,,
287.12,TW,,,,,
264.11,TY,,,,,
252.0,TU,,,,,
372.15,WW,,,,,
349.14,WY,AFM,CFV,,,
337.03,UW,,,,,
326.12,YY,DNP,,,,
262.13,VY,,,,,
314.01,UY,,,,,
198.13,VV,,,,,
250.02,UV,,,,,
301.9,UU,,,,,
298.17,AAR,,,,,
271.11,AAE,DGV,PSS,,,
270.13,AAQ,GNV,,,,
279.13,AAH,,,,,
255.15,AAI,AAL,GVV,,,
270.16,AAK,,,,,
289.14,AAF,,,,,
239.12,AAP,,,,,
328.15,AAW,CKP,,,,
305.13,AAY,AFS,FGT,,,
293.02,AAU,,,,,
383.23,ARR,,,,,
341.18,ANR,GQR,,,,
342.16,ADR,EGR,GVW,,,
330.14,ACR,,,,,
356.18,AER,AVW,KNN,GIW,GLW,KMP
355.19,AQR,,,,,
364.19,AHR,,,,,
340.22,AIR,ALR,,,,
355.23,AKR,,,,,
358.17,AMR,CRV,,,,
374.2,AFR,,,,,
324.19,APR,,,,,
328.18,ART,,,,,
413.21,ARW,,,,,
390.2,ARY,FRS,,,,
326.2,ARV,GIR,GLR,,,
378.09,ARU,,,,,
299.12,ANN,GNQ,,,,
300.1,ADN,EGN,DGQ,,,
288.08,ACN,CGQ,,,,
314.12,AEN,ADQ,EGQ,,,
313.13,ANQ,GQQ,,,,
322.13,AHN,GHQ,,,,
298.16,AIN,ALN,AQV,GIQ,GLQ,
313.17,AKN,GKQ,,,,
316.12,AMN,CNV,GMQ,,,
332.14,AFN,FGQ,,,,
282.13,ANP,GPQ,,,,
272.11,ANS,GNT,GQS,,,
286.12,ANT,AQS,GQT,,,
371.15,ANW,AHY,GQW,FHS,,
348.14,ANY,FNS,GQY,,,
284.14,ANV,GIN,GLN,GQV,,
336.03,ANU,GQU,,,,
301.09,ADD,DEG,,,,
289.07,ACD,CEG,,,,
315.1,ADE,EEG,,,,
323.12,ADH,EGH,,,,
299.14,ADI,ADL,AEV,EGI,EGL,PTT
314.15,ADK,INS,LNS,NTV,EGK,QSV
317.1,ADM,CDV,EGM,,,
333.13,ADF,EFG,MTT,,,
283.11,ADP,EGP,,,,
273.09,ADS,DGT,EGS,,,
287.11,ADT,AES,EGT,,,
372.14,ADW,EGW,,,,
349.12,ADY,DFS,EGY,,,
285.13,ADV,DGI,DGL,EGV,PST,
337.01,ADU,EGU,,,,
277.05,ACC,,,,,
303.08,ACE,DGM,,,,
302.1,ACQ,GMN,,,,
311.1,ACH,,,,,
287.13,ACI,ACL,GMV,,,
302.14,ACK,,,,,
305.08,ACM,CCV,,,,
321.11,ACF,,,,,
271.09,ACP,,,,,
261.07,ACS,CGT,,,,
275.09,ACT,GMS,,,,
360.12,ACW,,,,,
337.1,ACY,CFS,,,,
324.99,ACU,,,,,
329.12,AEE,DDV,,,,
328.13,AEQ,DNV,,,,
337.13,AEH,,,,,
313.16,AEI,AEL,DVV,,,
328.17,AEK,INT,LNT,IQS,LQS,QTV
331.12,AEM,CDI,CDL,CEV,,
347.14,AEF,PSY,,,,
297.13,AEP,,,,,
301.12,AET,DSV,,,,
386.15,AEW,DDR,,,,
363.14,AEY,DFT,EFS,,,
351.03,AEU,,,,,
327.15,AQQ,NNV,,,,
336.15,AHQ,,,,,
312.17,AIQ,ALQ,NVV,KPS,,
327.19,AKQ,,,,,
330.13,AMQ,CIN,CLN,CQV,GSW,
346.16,AFQ,KMS,,,,
296.14,APQ,,,,,
300.14,AQT,NSV,DGK,,,
385.17,AQW,DNR,FHT,,,
362.15,AQY,FNT,FQS,,,
350.04,AQU,,,,,
345.15,AHH,,,,,
321.18,AHI,AHL,,,,
336.19,AHK,,,,,
339.13,AHM,CHV,,,,
355.16,AFH,,,,,
305.14,AHP,,,,,
295.12,AHS,GHT,,,,
309.14,AHT,,,,,
394.17,AHW,,,,,
307.16,AHV,GHI,GHL,,,
359.04,AHU,,,,,
297.2,AII,AIL,ALL,VVV,,
312.21,AIK,AKL,,,,
315.16,AIM,ALM,CIV,CLV,,
331.18,AFI,AFL,,,,
281.17,AIP,ALP,,,,
271.15,AIS,ALS,ATV,GIT,GLT,
285.16,AIT,ALT,SVV,,,
370.2,AIW,ALW,,,,
347.18,AIY,ALY,FIS,FLS,FTV,
283.18,AIV,ALV,GII,GIL,GLL,
335.07,AIU,ALU,,,,
327.22,AKK,,,,,
330.17,AKM,CKV,,,,
346.2,AFK,,,,,
296.18,AKP,,,,,
286.16,AKS,GKT,,,,
300.17,AKT,,,,,
385.21,AKW,,,,,
362.19,AKY,FKS,,,,
298.2,AKV,GIK,GKL,,,
350.08,AKU,,,,,
333.11,AMM,CMV,,,,
299.13,AMP,CPV,,,,
289.1,AMS,CSV,GMT,,,
303.12,AMT,CIS,CLS,CTV,,
388.15,AMW,CER,CVW,,,
365.14,AMY,HNN,CVY,FMS,,
301.14,AMV,CVV,GIM,GLM,FGP,
353.03,AMU,CUV,,,,
365.17,AFF,,,,,
315.15,AFP,,,,,
319.15,AFT,GVY,,,,
404.18,AFW,,,,,
381.16,AFY,FFS,,,,
317.17,AFV,FGI,FGL,,,
369.05,AFU,,,,,
265.14,APP,,,,,
255.12,APS,GPT,,,,
269.13,APT,,,,,
354.16,APW,,,,,
331.15,APY,IMS,LMS,MTV,FPS,
267.15,APV,GIP,GLP,,,
319.04,APU,,,,,
245.1,ASS,GST,,,,
344.14,ASW,GTW,,,,
321.13,ASY,GTY,FSS,,,
309.02,ASU,CCC,GTU,,,
273.13,ATT,SSV,,,,
358.16,ATW,DRS,IMN,LMN,FNP,MQV
335.14,ATY,FST,,,,
323.03,ATU,,,,,
443.19,AWW,,,,,
420.17,AWY,FSW,,,,
408.07,AUW,,,,,
397.16,AYY,FSY,,,,
333.16,AVY,GIY,GLY,FSV,,
385.05,AUY,FSU,,,,
269.17,AVV,GIV,GLV,,,
321.05,AUV,GIU,GLU,,,
372.94,AUU,,,,,
468.3,RRR,,,,,
426.24,NRR,,,,,
427.22,DRR,IQW,LQW,,,
415.21,CRR,,,,,
441.24,ERR,RVW,,,,
440.26,QRR,,,,,
369.22,GRR,,,,,
449.26,HRR,,,,,
425.28,IRR,LRR,,,,
440.29,KRR,,,,,
443.24,MRR,,,,,
459.27,FRR,,,,,
409.25,PRR,,,,,
399.23,RRS,,,,,
413.24,RRT,KVW,,,,
498.28,RRW,,,,,
475.26,RRY,,,,,
411.27,RRV,,,,,
463.15,RRU,,,,,
384.18,NNR,,,,,
373.15,CNR,,,,,
399.18,ENR,DQR,,,,
398.2,NQR,,,,,
327.16,GNR,MPV,,,,
407.2,HNR,,,,,
383.22,INR,LNR,QRV,,,
398.23,KNR,IVW,LVW,,,
401.18,MNR,,,,,
417.21,FNR,,,,,
367.19,NPR,,,,,
357.17,NRS,,,,,
371.19,NRT,QRS,GKW,,,
456.22,NRW,HRY,,,,
433.2,NRY,,,,,
369.21,NRV,,,,,
421.09,NRU,,,,,
374.13,CDR,,,,,
400.17,DER,DVW,,,,
328.14,DGR,,,,,
408.18,DHR,,,,,
384.21,DIR,DLR,ERV,KQQ,VVW,
399.22,DKR,,,,,
402.16,DMR,,,,,
418.19,DFR,,,,,
368.18,DPR,,,,,
372.17,DRT,ERS,FPQ,SVW,,
457.2,DRW,FFY,,,,
434.19,DRY,FTW,,,,
370.19,DRV,KNQ,,,,
422.08,DRU,,,,,
362.11,CCR,,,,,
387.16,CQR,,,,,
316.13,CGR,NTT,QST,,,
396.16,CHR,,,,,
372.19,CIR,CLR,,,,
387.2,CKR,HHI,HHL,,,
390.15,CMR,EFN,DFQ,,,
406.17,CFR,,,,,
356.16,CPR,EIN,ELN,DIQ,DLQ,EQV
346.14,CRS,,,,,
360.15,CRT,,,,,
445.18,CRW,,,,,
422.17,CRY,,,,,
410.06,CRU,,,,,
414.18,EER,,,,,
413.2,EQR,INW,LNW,QVW,HIY,HLY
422.2,EHR,HVW,,,,
398.22,EIR,ELR,,,,
413.23,EKR,,,,,
416.18,EMR,MVW,,,,
432.21,EFR,FVW,,,,
382.19,EPR,,,,,
386.19,ERT,ISW,LSW,TVW,,
471.22,ERW,VWW,,,,
448.2,ERY,,,,,
436.09,ERU,,,,,
412.21,QQR,,,,,
421.21,HQR,,,,,
397.24,IQR,LQR,,,,
412.25,KQR,,,,,
415.2,MQR,,,,,
431.22,FQR,,,,,
381.21,PQR,,,,,
385.2,QRT,,,,,
470.23,QRW,,,,,
447.22,QRY,,,,,
435.11,QRU,,,,,
350.18,GHR,,,,,
341.21,GKR,,,,,
344.16,GMR,DKT,EKS,,,
360.19,FGR,,,,,
310.17,GPR,,,,,
300.15,GRS,,,,,
399.2,GRW,,,,,
376.18,GRY,,,,,
312.19,GRV,,,,,
364.07,GRU,,,,,
430.21,HHR,,,,,
406.24,HIR,HLR,,,,
421.25,HKR,,,,,
424.2,HMR,,,,,
440.22,FHR,,,,,
390.21,HPR,,,,,
380.19,HRS,,,,,
394.2,HRT,,,,,
479.23,HRW,,,,,
392.22,HRV,,,,,
444.11,HRU,,,,,
382.26,IIR,ILR,LLR,,,
397.28,IKR,KLR,,,,
400.22,IMR,LMR,FPR,,,
416.25,FIR,FLR,,,,
366.23,IPR,LPR,,,,
356.21,IRS,LRS,RTV,,,
370.23,IRT,LRT,KKN,,,
455.26,IRW,LRW,,,,
432.24,IRY,LRY,,,,
368.25,IRV,LRV,,,,
420.13,IRU,LRU,,,,
412.29,KKR,,,,,
415.23,KMR,,,,,
431.26,FKR,,,,,
381.24,KPR,,,,,
371.22,KRS,,,,,
385.24,KRT,,,,,
470.27,KRW,,,,,
447.25,KRY,,,,,
383.26,KRV,,,,,
435.14,KRU,,,,,
418.18,MMR,,,,,
434.21,FMR,,,,,
384.19,MPR,,,,,
374.17,MRS,,,,,
388.18,MRT,,,,,
473.22,MRW,,,,,
450.2,MRY,,,,,
386.21,MRV,,,,,
438.09,MRU,,,,,
450.23,FFR,,,,,
404.21,FRT,,,,,
489.24,FRW,,,,,
466.23,FRY,,,,,
402.23,FRV,,,,,
454.12,FRU,,,,,
350.2,PPR,,,,,
340.18,PRS,,,,,
354.2,PRT,,,,,
439.23,PRW,,,,,
416.21,PRY,,,,,
352.22,PRV,,,,,
404.1,PRU,,,,,
330.16,RSS,,,,,
344.18,RST,CIK,CKL,,,
429.21,RSW,,,,,
406.19,RSY,,,,,
342.2,RSV,,,,,
394.08,RSU,,,,,
358.19,RTT,,,,,
443.22,RTW,,,,,
420.21,RTY,,,,,
408.1,RTU,,,,,
528.25,RWW,,,,,
505.24,RWY,,,,,
493.13,RUW,,,,,
482.22,RYY,,,,,
418.23,RVY,,,,,
470.11,RUY,,,,,
354.23,RVV,,,,,
406.12,RUV,,,,,
458.0,RUU,,,,,
342.12,NNN,,,,,
343.11,DNN,,,,,
331.09,CNN,,,,,
357.12,ENN,DNQ,,,,
356.14,NNQ,,,,,
285.1,GNN,,,,,
341.16,INN,LNN,NQV,,,
359.12,MNN,CQQ,,,,
375.15,FNN,,,,,
325.13,NNP,HST,,,,
315.11,NNS,,,,,
329.13,NNT,NQS,,,,
414.16,NNW,HNY,,,,
391.14,NNY,,,,,
379.03,NNU,,,,,
344.09,DDN,,,,,
332.07,CDN,,,,,
358.11,DEN,DDQ,,,,
286.09,DGN,,,,,
366.12,DHN,,,,,
342.15,DIN,DLN,ENV,DQV,,
357.16,DKN,QQT,PPY,,,
360.11,DMN,CEQ,,,,
376.13,DFN,,,,,
316.1,DNS,,,,,
330.11,DNT,ENS,DQS,,,
415.14,DNW,DHY,,,,
392.13,DNY,IKU,KLU,,,
380.02,DNU,,,,,
320.06,CCN,,,,,
346.09,CEN,CDQ,,,,
345.11,CNQ,DET,EES,,,
274.07,CGN,,,,,
354.11,CHN,,,,,
345.14,CKN,,,,,
348.09,CMN,,,,,
364.12,CFN,,,,,
314.1,CNP,,,,,
304.08,CNS,,,,,
318.09,CNT,CQS,,,,
403.13,CNW,CHY,,,,
380.11,CNY,,,,,
368.0,CNU,,,,,
372.12,EEN,DEQ,,,,
371.14,ENQ,DQQ,,,,
380.14,EHN,DHQ,,,,
371.18,EKN,DKQ,,,,
374.12,EMN,DMQ,,,,
340.13,ENP,DPQ,,,,
344.13,ENT,DQT,EQS,,,
429.16,ENW,DQW,EHY,,,
406.14,ENY,DQY,,,,
394.03,ENU,DQU,,,,
370.16,NQQ,PSW,,,,
379.16,HNQ,,,,,
355.18,INQ,LNQ,QQV,,,
373.14,MNQ,,,,,
389.16,FNQ,,,,,
339.15,NPQ,HTT,,,,
343.14,NQT,QQS,,,,
428.18,NQW,HQY,,,,
405.16,NQY,,,,,
393.05,NQU,,,,,
308.12,GHN,,,,,
299.15,GKN,,,,,
318.13,FGN,CKS,,,,
268.11,GNP,,,,,
258.09,GNS,,,,,
357.14,GNW,GHY,,,,
334.12,GNY,,,,,
322.01,GNU,,,,,
388.16,HHN,,,,,
364.18,HIN,HLN,HQV,,,
379.19,HKN,,,,,
382.14,HMN,,,,,
398.17,FHN,,,,,
348.15,HNP,,,,,
338.13,HNS,,,,,
352.14,HNT,HQS,,,,
437.18,HNW,HHY,,,,
350.17,HNV,,,,,
402.05,HNU,,,,,
340.21,IIN,ILN,LLN,IQV,LQV,
355.22,IKN,KLN,KQV,,,
374.19,FIN,FLN,FQV,,,
324.17,INP,LNP,PQV,,,
390.19,INY,LNY,DFK,QVY,,
326.19,INV,LNV,QVV,KPT,,
378.08,INU,LNU,QUV,,,
373.17,KMN,,,,,
389.2,FKN,,,,,
339.19,KNP,,,,,
329.16,KNS,,,,,
343.18,KNT,KQS,FPV,,,
428.21,KNW,HKY,,,,
405.2,KNY,,,,,
341.2,KNV,,,,,
393.09,KNU,,,,,
376.12,MMN,CSW,,,,
392.15,FMN,,,,,
342.13,MNP,,,,,
332.11,MNS,CQT,,,,
346.13,MNT,CDK,MQS,,,
431.16,MNW,HMY,,,,
408.14,MNY,,,,,
344.15,MNV,CIQ,CLQ,,,
396.03,MNU,,,,,
408.17,FFN,,,,,
447.19,FNW,FHY,,,,
424.17,FNY,,,,,
360.17,FNV,,,,,
412.06,FNU,,,,,
308.14,NPP,,,,,
298.12,NPS,,,,,
312.14,NPT,PQS,,,,
397.17,NPW,HPY,,,,
374.15,NPY,STW,,,,
310.16,NPV,,,,,
362.04,NPU,,,,,
288.1,NSS,,,,,
302.12,NST,QSS,,,,
387.15,NSW,MQQ,HSY,,,
364.13,NSY,,,,,
352.02,NSU,,,,,
401.16,NTW,QSW,HTY,,,
378.15,NTY,QSY,,,,
366.04,NTU,QSU,,,,
486.2,NWW,HWY,,,,
463.18,NWY,HYY,,,,
399.19,NVW,HVY,,,,
451.07,NUW,HUY,,,,
440.16,NYY,,,,,
376.17,NVY,FQT,,,,
428.05,NUY,,,,,
364.06,NUV,,,,,
415.95,NUU,,,,,
345.08,DDD,,,,,
333.06,CDD,,,,,
359.09,DDE,,,,,
287.07,DDG,,,,,
367.11,DDH,,,,,
343.13,DDI,DDL,DEV,,,
358.14,DDK,EQT,,,,
361.09,DDM,CEE,IPU,LPU,,
377.12,DDF,CHH,IIU,ILU,LLU,
327.1,DDP,CHS,,,,
317.08,DDS,,,,,
331.1,DDT,DES,CMP,,,
416.13,DDW,,,,,
393.11,DDY,,,,,
381.0,DDU,,,,,
321.04,CCD,,,,,
347.07,CDE,PUV,,,,
275.05,CDG,,,,,
355.09,CDH,,,,,
349.07,CDM,,,,,
365.1,CDF,,,,,
315.08,CDP,,,,,
305.06,CDS,,,,,
319.08,CDT,CES,,,,
404.11,CDW,,,,,
381.09,CDY,,,,,
368.98,CDU,,,,,
373.11,DEE,,,,,
381.12,DEH,,,,,
357.15,DEI,DEL,EEV,,,
372.16,DEK,,,,,
375.11,DEM,,,,,
391.13,DEF,,,,,
341.12,DEP,,,,,
430.14,DEW,,,,,
407.13,DEY,,,,,
395.02,DEU,,,,,
309.1,DGH,,,,,
319.11,DFG,,,,,
269.1,DGP,,,,,
259.08,DGS,,,,,
358.12,DGW,,,,,
335.11,DGY,,,,,
323.0,DGU,,,,,
389.14,DHH,,,,,
365.16,DHI,DHL,EHV,,,
380.18,DHK,PPW,,,,
383.12,DHM,,,,,
399.15,DFH,,,,,
349.13,DHP,,,,,
339.11,DHS,,,,,
353.13,DHT,EHS,,,,
438.16,DHW,,,,,
351.15,DHV,FFG,,,,
403.03,DHU,,,,,
341.19,DII,DIL,DLL,EIV,ELV,
356.2,DIK,DKL,EKV,,,
359.15,DIM,DLM,EMV,,,
375.17,DFI,DFL,EFV,,,
325.16,DIP,DLP,EPV,,,
315.14,DIS,DLS,DTV,ESV,,
329.15,DIT,DLT,EIS,ELS,ETV,
414.19,DIW,DLW,EVW,,,
391.17,DIY,DLY,EVY,,,
327.17,DIV,DLV,EVV,,,
379.06,DIU,DLU,EUV,,,
371.21,DKK,,,,,
374.16,DKM,,,,,
340.17,DKP,,,,,
330.15,DKS,QTT,,,,
429.2,DKW,,,,,
406.18,DKY,,,,,
342.19,DKV,IQT,LQT,,,
394.07,DKU,,,,,
377.1,DMM,,,,,
393.13,DFM,,,,,
343.12,DMP,,,,,
333.09,DMS,CET,,,,
347.11,DMT,EMS,,,,
432.14,DMW,,,,,
409.13,DMY,,,,,
345.13,DMV,CEI,CEL,,,
397.02,DMU,,,,,
409.16,DFF,,,,,
359.14,DFP,,,,,
448.17,DFW,,,,,
425.15,DFY,,,,,
361.16,DFV,PTY,,,,
413.04,DFU,,,,,
309.13,DPP,,,,,
299.11,DPS,,,,,
313.12,DPT,EPS,,,,
398.15,DPW,,,,,
375.14,DPY,,,,,
311.14,DPV,,,,,
363.03,DPU,,,,,
289.09,DSS,,,,,
303.1,DST,ESS,,,,
388.13,DSW,,,,,
365.12,DSY,,,,,
353.01,DSU,,,,,
317.12,DTT,EST,,,,
402.15,DTW,ESW,,,,
379.13,DTY,ESY,,,,
367.02,DTU,ESU,,,,
487.18,DWW,,,,,
464.16,DWY,,,,,
452.05,DUW,,,,,
441.15,DYY,,,,,
377.15,DVY,EFT,,,,
429.04,DUY,,,,,
365.04,DUV,,,,,
416.93,DUU,,,,,
335.06,CCE,,,,,
334.07,CCQ,,,,,
263.03,CCG,,,,,
343.07,CCH,,,,,
319.1,CCI,CCL,GMM,,,
334.11,CCK,,,,,
337.05,CCM,SUV,,,,
353.08,CCF,,,,,
303.07,CCP,,,,,
293.05,CCS,,,,,
307.06,CCT,,,,,
392.09,CCW,IQU,LQU,,,
369.08,CCY,,,,,
356.97,CCU,,,,,
369.11,CEH,,,,,
360.14,CEK,MQT,SSW,,,
363.09,CEM,,,,,
379.12,CEF,,,,,
329.1,CEP,,,,,
418.13,CEW,,,,,
395.11,CEY,,,,,
383.0,CEU,,,,,
368.12,CHQ,,,,,
359.16,CKQ,,,,,
362.1,CMQ,,,,,
378.13,CFQ,,,,,
328.12,CPQ,,,,,
417.14,CQW,,,,,
394.13,CQY,,,,,
382.02,CQU,,,,,
297.08,CGH,,,,,
288.12,CGK,,,,,
291.07,CGM,,,,,
307.09,CFG,,,,,
257.08,CGP,,,,,
247.06,CGS,,,,,
346.1,CGW,,,,,
323.09,CGY,,,,,
310.98,CGU,,,,,
353.15,CHI,CHL,,,,
368.16,CHK,,,,,
371.1,CHM,,,,,
387.13,CFH,,,,,
337.12,CHP,SSY,,,,
341.11,CHT,,,,,
426.14,CHW,,,,,
391.02,CHU,,,,,
329.17,CII,CIL,CLL,MVV,,
347.13,CIM,CLM,CFP,,,
363.16,CFI,CFL,,,,
313.14,CIP,CLP,,,,
317.14,CIT,CLT,MSV,,,
402.17,CIW,CLW,HHQ,,,
379.15,CIY,CLY,FMT,,,
367.04,CIU,CLU,,,,
359.19,CKK,,,,,
362.14,CKM,,,,,
378.17,CFK,,,,,
332.15,CKT,,,,,
417.18,CKW,,,,,
394.16,CKY,EHQ,,,,
382.05,CKU,,,,,
365.09,CMM,,,,,
381.11,CFM,,,,,
321.08,CMS,,,,,
335.09,CMT,,,,,
420.12,CMW,,,,,
397.11,CMY,,,,,
385.0,CMU,,,,,
397.14,CFF,EHM,,,,
351.12,CFT,GMY,,,,
436.15,CFW,,,,,
413.14,CFY,,,,,
401.03,CFU,,,,,
297.11,CPP,,,,,
287.09,CPS,,,,,
386.14,CPW,EEQ,,,,
363.12,CPY,MMT,,,,
351.01,CPU,,,,,
277.07,CSS,,,,,
291.08,CST,,,,,
353.1,CSY,,,,,
340.99,CSU,,,,,
305.1,CTT,MSS,,,,
390.13,CTW,MMQ,,,,
367.12,CTY,,,,,
355.01,CTU,,,,,
475.16,CWW,,,,,
452.15,CWY,,,,,
440.04,CUW,,,,,
429.13,CYY,,,,,
417.02,CUY,,,,,
404.91,CUU,,,,,
387.12,EEE,,,,,
395.14,EEH,,,,,
371.16,EEI,EEL,,,,
386.18,EEK,,,,,
389.12,EEM,,,,,
405.15,EEF,HHM,,,,
355.13,EEP,HMS,,,,
359.13,EET,MMP,,,,
444.16,EEW,,,,,
421.14,EEY,,,,,
409.03,EEU,,,,,
385.15,EQQ,,,,,
370.18,EIQ,ELQ,,,,
385.19,EKQ,,,,,
388.14,EMQ,,,,,
404.16,EFQ,,,,,
354.15,EPQ,,,,,
443.18,EQW,,,,,
420.16,EQY,,,,,
408.05,EQU,,,,,
403.16,EHH,,,,,
379.18,EHI,EHL,,,,
394.19,EHK,,,,,
413.16,EFH,,,,,
363.15,EHP,,,,,
367.14,EHT,,,,,
452.18,EHW,,,,,
417.05,EHU,,,,,
355.21,EII,EIL,ELL,,,
370.22,EIK,EKL,,,,
373.16,EIM,ELM,EFP,,,
389.19,EFI,EFL,,,,
339.17,EIP,ELP,,,,
343.17,EIT,ELT,,,,
428.2,EIW,ELW,,,,
405.18,EIY,ELY,,,,
393.08,EIU,ELU,,,,
385.23,EKK,,,,,
388.17,EKM,PQY,TTW,,,
404.2,EFK,IQY,LQY,,,
354.19,EKP,,,,,
358.18,EKT,,,,,
443.21,EKW,,,,,
420.2,EKY,,,,,
408.09,EKU,,,,,
391.12,EMM,,,,,
407.15,EFM,,,,,
357.13,EMP,,,,,
361.13,EMT,,,,,
446.16,EMW,,,,,
423.14,EMY,,,,,
411.03,EMU,,,,,
423.17,EFF,PYY,,,,
462.19,EFW,,,,,
439.17,EFY,,,,,
427.06,EFU,,,,,
323.14,EPP,,,,,
327.14,EPT,,,,,
412.17,EPW,,,,,
389.15,EPY,,,,,
377.04,EPU,,,,,
331.13,ETT,GHH,,,,
416.16,ETW,,,,,
393.15,ETY,,,,,
381.04,ETU,,,,,
501.2,EWW,,,,,
478.18,EWY,,,,,
466.07,EUW,,,,,
455.16,EYY,,,,,
443.05,EUY,,,,,
430.94,EUU,,,,,
384.17,QQQ,PTW,,,,
393.17,HQQ,MVY,,,,
369.2,IQQ,LQQ,,,,
403.18,FQQ,,,,,
353.16,PQQ,,,,,
442.19,QQW,,,,,
419.18,QQY,,,,,
407.07,QQU,,,,,
378.2,HIQ,HLQ,,,,
393.21,HKQ,,,,,
396.15,HMQ,,,,,
412.18,FHQ,,,,,
362.17,HPQ,,,,,
366.16,HQT,,,,,
451.19,HQW,,,,,
416.07,HQU,,,,,
354.22,IIQ,ILQ,LLQ,,,
369.23,IKQ,KLQ,,,,
372.18,IMQ,LMQ,,,,
388.21,FIQ,FLQ,KPY,,,
338.19,IPQ,LPQ,,,,
384.24,KKQ,,,,,
387.19,KMQ,,,,,
403.22,FKQ,,,,,
353.2,KPQ,,,,,
357.2,KQT,IIM,ILM,FIP,LLM,FLP
442.23,KQW,,,,,
419.21,KQY,,,,,
407.1,KQU,,,,,
406.16,FMQ,GWY,,,,
356.15,MPQ,,,,,
445.17,MQW,,,,,
422.16,MQY,,,,,
410.05,MQU,,,,,
422.19,FFQ,KMY,,,,
461.2,FQW,,,,,
438.19,FQY,,,,,
426.08,FQU,,,,,
322.16,PPQ,,,,,
326.15,PQT,,,,,
411.19,PQW,,,,,
376.06,PQU,,,,,
415.18,QTW,,,,,
392.16,QTY,,,,,
380.05,QTU,,,,,
500.21,QWW,,,,,
477.2,QWY,,,,,
465.09,QUW,,,,,
454.18,QYY,,,,,
442.07,QUY,,,,,
429.96,QUU,,,,,
322.17,GHK,,,,,
325.12,GHM,,,,,
341.14,FGH,,,,,
291.13,GHP,,,,,
281.11,GHS,,,,,
380.15,GHW,,,,,
293.14,GHV,,,,,
345.03,GHU,,,,,
313.21,GKK,,,,,
316.15,GKM,,,,,
332.18,FGK,,,,,
282.16,GKP,,,,,
272.14,GKS,,,,,
348.17,GKY,,,,,
284.18,GKV,,,,,
336.07,GKU,,,,,
335.13,FGM,,,,,
285.11,GMP,,,,,
374.14,GMW,,,,,
339.01,GMU,,,,,
390.16,FGW,,,,,
367.15,FGY,,,,,
303.15,FGV,,,,,
355.04,FGU,,,,,
251.12,GPP,,,,,
241.1,GPS,,,,,
340.15,GPW,,,,,
317.13,GPY,,,,,
253.14,GPV,,,,,
305.02,GPU,,,,,
231.08,GSS,,,,,
307.11,GSY,,,,,
295.0,GSU,,,,,
429.18,GWW,,,,,
394.05,GUW,,,,,
383.14,GYY,,,,,
371.03,GUY,,,,,
307.04,GUV,,,,,
358.92,GUU,,,,,
411.17,HHH,FTY,,,,
402.21,HHK,,,,,
421.18,FHH,,,,,
371.17,HHP,,,,,
361.14,HHS,MMV,,,,
375.16,HHT,IMM,LMM,FMP,,
460.19,HHW,,,,,
373.18,HHV,,,,,
425.07,HHU,,,,,
363.22,HII,HIL,HLL,,,
378.23,HIK,HKL,,,,
381.18,HIM,HLM,FHP,,,
397.21,FHI,FHL,,,,
347.19,HIP,HLP,,,,
337.17,HIS,HLS,HTV,,,
351.19,HIT,HLT,,,,
436.22,HIW,HLW,,,,
349.21,HIV,HLV,,,,
401.09,HIU,HLU,,,,
393.24,HKK,,,,,
396.19,HKM,,,,,
412.22,FHK,,,,,
362.2,HKP,,,,,
352.18,HKS,,,,,
366.2,HKT,,,,,
451.23,HKW,,,,,
364.22,HKV,,,,,
416.1,HKU,,,,,
399.13,HMM,,,,,
415.16,FHM,,,,,
365.15,HMP,TTY,,,,
369.14,HMT,,,,,
454.17,HMW,,,,,
367.16,HMV,,,,,
419.05,HMU,,,,,
431.19,FFH,,,,,
470.2,FHW,,,,,
383.19,FHV,,,,,
435.08,FHU,,,,,
331.16,HPP,,,,,
321.14,HPS,,,,,
335.15,HPT,,,,,
420.19,HPW,,,,,
333.18,HPV,,,,,
385.06,HPU,,,,,
311.12,HSS,,,,,
410.17,HSW,,,,,
323.15,HSV,,,,,
375.04,HSU,,,,,
424.18,HTW,,,,,
389.06,HTU,,,,,
509.21,HWW,,,,,
474.09,HUW,,,,,
335.19,HVV,,,,,
387.08,HUV,,,,,
438.96,HUU,,,,,
339.25,III,IIL,ILL,LLL,,
354.26,IIK,IKL,KLL,,,
373.23,FII,FIL,FLL,,,
323.22,IIP,ILP,LLP,,,
313.2,IIS,ILS,ITV,LLS,LTV,
327.21,IIT,ILT,LLT,,,
412.24,IIW,ILW,LLW,,,
389.23,IIY,ILY,LLY,,,
325.23,IIV,ILV,LLV,,,
369.27,IKK,KKL,,,,
372.21,IKM,KLM,FKP,,,
388.24,FIK,FKL,,,,
338.23,IKP,KLP,,,,
328.21,IKS,KLS,KTV,,,
342.22,IKT,KLT,,,,
427.25,IKW,KLW,,,,
404.24,IKY,KLY,,,,
340.24,IKV,KLV,,,,
391.19,FIM,FLM,,,,
341.17,IMP,LMP,FPP,,,
345.17,IMT,LMT,,,,
430.2,IMW,LMW,FPW,,,
407.18,IMY,LMY,FPY,,,
343.19,IMV,LMV,,,,
395.07,IMU,LMU,FPU,,,
407.22,FFI,FFL,,,,
361.2,FIT,FLT,VVY,,,
446.23,FIW,FLW,,,,
423.21,FIY,FLY,,,,
359.22,FIV,FLV,,,,
411.1,FIU,FLU,,,,
307.18,IPP,LPP,,,,
297.16,IPS,LPS,PTV,,,
311.18,IPT,LPT,,,,
396.21,IPW,LPW,,,,
373.2,IPY,LPY,,,,
309.2,IPV,LPV,,,,
301.16,IST,LST,TTV,,,
363.17,ISY,LSY,TVY,,,
299.18,ISV,LSV,TVV,,,
351.06,ISU,LSU,TUV,,,
315.17,ITT,LTT,,,,
400.21,ITW,LTW,,,,
377.19,ITY,LTY,,,,
365.08,ITU,LTU,,,,
485.24,IWW,LWW,,,,
462.22,IWY,LWY,,,,
450.11,IUW,LUW,,,,
439.21,IYY,LYY,,,,
375.21,IVY,LVY,,,,
427.1,IUY,LUY,,,,
311.22,IVV,LVV,,,,
363.1,IUV,LUV,,,,
414.99,IUU,LUU,,,,
384.28,KKK,,,,,
387.23,KKM,,,,,
403.25,FKK,,,,,
353.24,KKP,,,,,
343.22,KKS,,,,,
357.23,KKT,,,,,
442.26,KKW,,,,,
419.25,KKY,,,,,
355.25,KKV,,,,,
407.14,KKU,,,,,
390.17,KMM,,,,,
406.2,FKM,,,,,
360.18,KMT,,,,,
445.21,KMW,,,,,
358.2,KMV,,,,,
410.08,KMU,,,,,
422.23,FFK,,,,,
376.21,FKT,,,,,
461.24,FKW,,,,,
438.22,FKY,,,,,
374.23,FKV,,,,,
426.11,FKU,,,,,
322.2,KPP,,,,,
411.22,KPW,,,,,
324.21,KPV,,,,,
376.1,KPU,,,,,
302.15,KSS,,,,,
316.17,KST,,,,,
401.2,KSW,,,,,
378.19,KSY,,,,,
314.19,KSV,,,,,
366.08,KSU,,,,,
330.19,KTT,,,,,
415.22,KTW,,,,,
392.2,KTY,,,,,
380.09,KTU,,,,,
500.25,KWW,,,,,
477.23,KWY,,,,,
465.12,KUW,,,,,
454.22,KYY,,,,,
390.22,KVY,,,,,
442.11,KUY,,,,,
326.23,KVV,,,,,
378.11,KUV,,,,,
430.0,KUU,,,,,
393.12,MMM,,,,,
409.14,FMM,,,,,
349.11,MMS,,,,,
448.16,MMW,,,,,
425.14,MMY,,,,,
413.03,MMU,,,,,
425.17,FFM,,,,,
464.18,FMW,,,,,
441.17,FMY,,,,,
377.17,FMV,,,,,
429.06,FMU,,,,,
325.14,MPP,,,,,
329.14,MPT,,,,,
414.17,MPW,,,,,
391.15,MPY,,,,,
379.04,MPU,,,,,
319.12,MST,,,,,
404.15,MSW,,,,,
381.13,MSY,,,,,
369.02,MSU,,,,,
418.16,MTW,,,,,
395.15,MTY,,,,,
383.04,MTU,,,,,
503.19,MWW,,,,,
480.18,MWY,,,,,
468.07,MUW,,,,,
457.16,MYY,,,,,
445.05,MUY,,,,,
381.06,MUV,,,,,
432.94,MUU,,,,,
441.2,FFF,,,,,
391.18,FFP,,,,,
395.18,FFT,,,,,
480.21,FFW,,,,,
393.2,FFV,,,,,
445.09,FFU,,,,,
345.16,FPT,,,,,
349.16,FTT,SVY,,,,
399.06,FTU,,,,,
519.22,FWW,,,,,
496.21,FWY,,,,,
484.1,FUW,,,,,
473.19,FYY,,,,,
409.2,FVY,,,,,
461.08,FUY,,,,,
345.2,FVV,,,,,
397.09,FUV,,,,,
448.97,FUU,,,,,
281.13,PPS,,,,,
295.15,PPT,,,,,
293.17,PPV,,,,,
345.05,PPU,,,,,
283.15,PSV,,,,,
335.03,PSU,,,,,
349.05,PTU,,,,,
469.21,PWW,,,,,
446.19,PWY,,,,,
382.2,PVW,,,,,
434.08,PUW,,,,,
359.18,PVY,,,,,
411.06,PUY,,,,,
295.18,PVV,,,,,
398.96,PUU,,,,,
261.09,SSS,,,,,
275.11,SST,,,,,
325.01,SSU,,,,,
289.12,STT,,,,,
351.14,STY,,,,,
339.03,STU,,,,,
459.19,SWW,,,,,
436.17,SWY,,,,,
424.06,SUW,,,,,
413.15,SYY,,,,,
401.04,SUY,,,,,
388.93,SUU,,,,,
303.14,TTT,,,,,
353.04,TTU,,,,,
473.2,TWW,,,,,
450.19,TWY,,,,,
438.08,TUW,,,,,
427.17,TYY,,,,,
415.06,TUY,,,,,
402.95,TUU,,,,,
558.23,WWW,,,,,
535.22,WWY,,,,,
523.11,UWW,,,,,
512.2,WYY,,,,,
448.21,VWY,,,,,
500.09,UWY,,,,,
436.1,UVW,,,,,
487.98,UUW,,,,,
489.18,YYY,,,,,
425.19,VYY,,,,,
477.08,UYY,,,,,
413.08,UVY,,,,,
464.97,UUY,,,,,
349.09,UVV,,,,,
400.97,UUV,,,,,
452.86,UUU,,,,,
